<?xml version="1.0" encoding="UTF-8"?>
<project-private xmlns="http://www.netbeans.org/ns/project-private/1">
    <editor-bookmarks xmlns="http://www.netbeans.org/ns/editor-bookmarks/1"/>
    <editor-bookmarks xmlns="http://www.netbeans.org/ns/editor-bookmarks/2" lastBookmarkId="0"/>
    <open-files xmlns="http://www.netbeans.org/ns/projectui-open-files/2">
        <group>
            <file>file:/C:/Users/juan_bustamanteo1/Desktop/Respaldo/UNIDEG/1%20Enero%20-%20Abril/Ene%20-%20Abr%202016/Programación%20OO/Banco/src/banco/FrmMovimientos.java</file>
            <file>file:/C:/Users/juan_bustamanteo1/Desktop/Respaldo/UNIDEG/1%20Enero%20-%20Abril/Ene%20-%20Abr%202016/Programación%20OO/Banco/src/banco/Banco.java</file>
            <file>file:/C:/Users/juan_bustamanteo1/Desktop/Respaldo/UNIDEG/1%20Enero%20-%20Abril/Ene%20-%20Abr%202016/Programación%20OO/Banco/src/banco/FrmAltaCuentas.java</file>
            <file>file:/C:/Users/juan_bustamanteo1/Desktop/Respaldo/UNIDEG/1%20Enero%20-%20Abril/Ene%20-%20Abr%202016/Programación%20OO/Banco/src/banco/Login.java</file>
            <file>file:/C:/Users/juan_bustamanteo1/Desktop/Respaldo/UNIDEG/1%20Enero%20-%20Abril/Ene%20-%20Abr%202016/Programación%20OO/Banco/src/banco/Cuenta.java</file>
        </group>
    </open-files>
</project-private>
